{
  "type": "d",
  "format": "markdown",
  "title": "the tricky doc",
  "tags": "",
  "created": 1742557308880,
  "updated": 1743715861757,
  "files": {
    "the tricky doc - meta.md": {
      "type": "d",
      "format": "markdown",
      "title": "the tricky doc",
      "created": 1742558319541,
      "updated": 1749764143422
    },
    "the tricky doc - II - C I.md": {
      "type": "p",
      "format": "markdown",
      "title": "the tricky doc",
      "created": 1739115309723,
      "updated": 1749759210597
    },
    "the tricky doc - I - V I.md": {
      "type": "p",
      "format": "markdown",
      "title": "the tricky doc",
      "created": 1739115309723,
      "updated": 1749760932542
    },
    "the tricky doc - III - V II.md": {
      "type": "p",
      "format": "markdown",
      "title": "the tricky doc",
      "created": 1739115309723,
      "updated": 1749764409209
    },
    "the tricky doc - old.md": {
      "type": "p",
      "format": "markdown",
      "title": "the tricky doc",
      "created": 1739115309723,
      "updated": 1742558452612
    },
    "the tricky doc - IV - C II.md": {
      "type": "p",
      "format": "markdown",
      "title": "the tricky doc",
      "created": 1739115309723,
      "updated": 1749814061651
    }
  }
}
